{"negative_log_likelihood": 673097.1993948717, "mu": 4.1283186757356995, "k1": 4.6486012105687555, "k2": 2.5234848825478444, "t0": 0.8791612139375048, "phi": "Nah", "alpha": 1.513304561675062, "beta": 0.372639184844328, "t0_lower": 0.861, "t0_upper": 0.897, "k1_lower": 4.233, "k1_upper": 5.064, "k2_lower": 1.017, "k2_upper": 4.03, "mu_lower": 4.082, "mu_upper": 4.175, "Fisher": "Non-singular"}